Tag Name,json Object ID,Data Type,Respect Data Type,Client Access,comment
View_TagName.F1FBSBHM_HVAPV_DISC_TEST_01,Channel2.Device1.View_TagName.F1FBSBHM_HVAPV_DISC_TEST_01,,,,F1FBSBHM_HVAPV_DISC_TEST_01
View_TagName.F1FBSBHM_HVAPV_DISC_TEST_02,Channel2.Device1.View_TagName.F1FBSBHM_HVAPV_DISC_TEST_02,,,,F1FBSBHM_HVAPV_DISC_TEST_02
View_TagName.F1FBSBHM_HVAPV_INT_TEST_01,Channel2.Device1.View_TagName.F1FBSBHM_HVAPV_INT_TEST_01,,,,F1FBSBHM_HVAPV_INT_TEST_01
View_TagName.F1FBSBHM_HVAPV_INT_TEST_02,Channel2.Device1.View_TagName.F1FBSBHM_HVAPV_INT_TEST_02,,,,F1FBSBHM_HVAPV_INT_TEST_02
View_TagName.F1FBSBHM_HVAPV_FLOAT_TEST_01,Channel2.Device1.View_TagName.F1FBSBHM_HVAPV_FLOAT_TEST_01,,,,F1FBSBHM_HVAPV_FLOAT_TEST_01
View_TagName.F1FBSBHM_HVAPV_FLOAT_TEST_02,Channel2.Device1.View_TagName.F1FBSBHM_HVAPV_FLOAT_TEST_02,,,,F1FBSBHM_HVAPV_FLOAT_TEST_02
View_TagName.TEST1TAG,Channel2.Device1.View_TagName.TEST1TAG,,,,TEST1TAG
View_TagName.TEST2TAG,Channel2.Device1.View_TagName.TEST2TAG,,,,TEST2TAG
View_TagName.F1FBSBHM_WMTCW_PP_001_EV20A_T,Channel2.Device1.View_TagName.F1FBSBHM_WMTCW_PP_001_EV20A_T,,,,F1FBSBHM_WMTCW_PP_001_EV20A_T
View_TagName.F1FBSBHM_WMTCW_PP_001_EV20A_R,Channel2.Device1.View_TagName.F1FBSBHM_WMTCW_PP_001_EV20A_R,,,,F1FBSBHM_WMTCW_PP_001_EV20A_R
View_TagName.F1FBSBHM_WMTCW_PP_002_EV20A_T,Channel2.Device1.View_TagName.F1FBSBHM_WMTCW_PP_002_EV20A_T,,,,F1FBSBHM_WMTCW_PP_002_EV20A_T
View_TagName.F1FBSBHM_WMTCW_PP_002_EV20A_R,Channel2.Device1.View_TagName.F1FBSBHM_WMTCW_PP_002_EV20A_R,,,,F1FBSBHM_WMTCW_PP_002_EV20A_R
View_TagName.F1FBSBHM_WMTCW_PP_000_TCV01A_CV,Channel2.Device1.View_TagName.F1FBSBHM_WMTCW_PP_000_TCV01A_CV,,,,F1FBSBHM_WMTCW_PP_000_TCV01A_CV
View_TagName.F1FBSBHM_WMTCW_00_100_PDT20A,Channel2.Device1.View_TagName.F1FBSBHM_WMTCW_00_100_PDT20A,,,,F1FBSBHM_WMTCW_00_100_PDT20A
View_TagName.F1FBSBHM_WMTCW_00_100_PDT20B,Channel2.Device1.View_TagName.F1FBSBHM_WMTCW_00_100_PDT20B,,,,F1FBSBHM_WMTCW_00_100_PDT20B
View_TagName.F1FBSBH1_WLTCW_CH_001_FCV01A_CV,Channel2.Device1.View_TagName.F1FBSBH1_WLTCW_CH_001_FCV01A_CV,,,,F1FBSBH1_WLTCW_CH_001_FCV01A_CV
View_TagName.F1FBSBH1_WLTCW_CH_002_FCV01A_CV,Channel2.Device1.View_TagName.F1FBSBH1_WLTCW_CH_002_FCV01A_CV,,,,F1FBSBH1_WLTCW_CH_002_FCV01A_CV
View_TagName.F1FBOFA2_WLTCW_00_100_PDT20A,Channel2.Device1.View_TagName.F1FBOFA2_WLTCW_00_100_PDT20A,,,,F1FBOFA2_WLTCW_00_100_PDT20A
View_TagName.F1FBOFA2_WLTCW_00_100_PDT20B,Channel2.Device1.View_TagName.F1FBOFA2_WLTCW_00_100_PDT20B,,,,F1FBOFA2_WLTCW_00_100_PDT20B
View_TagName.F1FBSBH1_WLTCW_CH_000_FIT10A,Channel2.Device1.View_TagName.F1FBSBH1_WLTCW_CH_000_FIT10A,,,,F1FBSBH1_WLTCW_CH_000_FIT10A
View_TagName.F1FBSBH1_WLTCW_CH_000_FIT90A,Channel2.Device1.View_TagName.F1FBSBH1_WLTCW_CH_000_FIT90A,,,,F1FBSBH1_WLTCW_CH_000_FIT90A
View_TagName.F1FBSBH1_WLTCW_CH_000_TT10A,Channel2.Device1.View_TagName.F1FBSBH1_WLTCW_CH_000_TT10A,,,,F1FBSBH1_WLTCW_CH_000_TT10A
View_TagName.F1FBSBH1_WLTCW_CH_000_TT90A,Channel2.Device1.View_TagName.F1FBSBH1_WLTCW_CH_000_TT90A,,,,F1FBSBH1_WLTCW_CH_000_TT90A
View_TagName.F1FBOFE2_WHRWO_PP_001_PP20A_T,Channel2.Device1.View_TagName.F1FBOFE2_WHRWO_PP_001_PP20A_T,,,,F1FBOFE2_WHRWO_PP_001_PP20A_T
View_TagName.F1FBOFE2_WHRWO_PP_001_PP20A_R,Channel2.Device1.View_TagName.F1FBOFE2_WHRWO_PP_001_PP20A_R,,,,F1FBOFE2_WHRWO_PP_001_PP20A_R
View_TagName.F1FBOFE2_WHRWO_PP_002_PP20A_T,Channel2.Device1.View_TagName.F1FBOFE2_WHRWO_PP_002_PP20A_T,,,,F1FBOFE2_WHRWO_PP_002_PP20A_T
View_TagName.F1FBOFE2_WHRWO_PP_002_PP20A_R,Channel2.Device1.View_TagName.F1FBOFE2_WHRWO_PP_002_PP20A_R,,,,F1FBOFE2_WHRWO_PP_002_PP20A_R
View_TagName.F1FBOFE2_WHRWO_RW_001_TCV01A_CV,Channel2.Device1.View_TagName.F1FBOFE2_WHRWO_RW_001_TCV01A_CV,,,,F1FBOFE2_WHRWO_RW_001_TCV01A_CV
View_TagName.F1FBOFE2_WHRWO_00_100_PDT20A,Channel2.Device1.View_TagName.F1FBOFE2_WHRWO_00_100_PDT20A,,,,F1FBOFE2_WHRWO_00_100_PDT20A
View_TagName.F1FBOFE2_WHRWO_RW_001_TT10A,Channel2.Device1.View_TagName.F1FBOFE2_WHRWO_RW_001_TT10A,,,,F1FBOFE2_WHRWO_RW_001_TT10A
View_TagName.F1FBOFE2_WHRWO_00_100_PDT20B,Channel2.Device1.View_TagName.F1FBOFE2_WHRWO_00_100_PDT20B,,,,F1FBOFE2_WHRWO_00_100_PDT20B
View_TagName.F1FBOFE2_WHRWO_SW_001_TT90A,Channel2.Device1.View_TagName.F1FBOFE2_WHRWO_SW_001_TT90A,,,,F1FBOFE2_WHRWO_SW_001_TT90A
View_TagName.F1FBFBF1_RCUAS_RU_002_ES20E,Channel2.Device1.View_TagName.F1FBFBF1_RCUAS_RU_002_ES20E,,,,F1FBFBF1_RCUAS_RU_002_ES20E
View_TagName.F1FBFBF1_RCUAS_RU_002_T,Channel2.Device1.View_TagName.F1FBFBF1_RCUAS_RU_002_T,,,,F1FBFBF1_RCUAS_RU_002_T
View_TagName.F1FBFBF1_RCUAS_RU_003_ES20E,Channel2.Device1.View_TagName.F1FBFBF1_RCUAS_RU_003_ES20E,,,,F1FBFBF1_RCUAS_RU_003_ES20E
View_TagName.F1FBFBF1_RCUAS_RU_003_T,Channel2.Device1.View_TagName.F1FBFBF1_RCUAS_RU_003_T,,,,F1FBFBF1_RCUAS_RU_003_T
View_TagName.F1FBFBF1_RCUAS_RU_004_ES20E,Channel2.Device1.View_TagName.F1FBFBF1_RCUAS_RU_004_ES20E,,,,F1FBFBF1_RCUAS_RU_004_ES20E
View_TagName.F1FBFBF1_RCUAS_RU_004_T,Channel2.Device1.View_TagName.F1FBFBF1_RCUAS_RU_004_T,,,,F1FBFBF1_RCUAS_RU_004_T
View_TagName.F1FBFBF1_RCUAS_RU_005_ES20E,Channel2.Device1.View_TagName.F1FBFBF1_RCUAS_RU_005_ES20E,,,,F1FBFBF1_RCUAS_RU_005_ES20E
View_TagName.F1FBFBF1_RCUAS_RU_005_T,Channel2.Device1.View_TagName.F1FBFBF1_RCUAS_RU_005_T,,,,F1FBFBF1_RCUAS_RU_005_T
View_TagName.F1FBFBF1_RCUAS_RU_006_ES20E,Channel2.Device1.View_TagName.F1FBFBF1_RCUAS_RU_006_ES20E,,,,F1FBFBF1_RCUAS_RU_006_ES20E
View_TagName.F1FBFBF1_RCUAS_RU_006_T,Channel2.Device1.View_TagName.F1FBFBF1_RCUAS_RU_006_T,,,,F1FBFBF1_RCUAS_RU_006_T
View_TagName.F1FBFBF1_RCUAS_RU_007_ES20E,Channel2.Device1.View_TagName.F1FBFBF1_RCUAS_RU_007_ES20E,,,,F1FBFBF1_RCUAS_RU_007_ES20E
View_TagName.F1FBFBF1_RCUAS_RU_007_T,Channel2.Device1.View_TagName.F1FBFBF1_RCUAS_RU_007_T,,,,F1FBFBF1_RCUAS_RU_007_T
View_TagName.F1FBFBG1_RCUAS_RU_002_ES20E,Channel2.Device1.View_TagName.F1FBFBG1_RCUAS_RU_002_ES20E,,,,F1FBFBG1_RCUAS_RU_002_ES20E
View_TagName.F1FBFBG1_RCUAS_RU_002_T,Channel2.Device1.View_TagName.F1FBFBG1_RCUAS_RU_002_T,,,,F1FBFBG1_RCUAS_RU_002_T
View_TagName.F1FBFBG1_RCUAS_RU_004_ES20E,Channel2.Device1.View_TagName.F1FBFBG1_RCUAS_RU_004_ES20E,,,,F1FBFBG1_RCUAS_RU_004_ES20E
View_TagName.F1FBFBG1_RCUAS_RU_004_T,Channel2.Device1.View_TagName.F1FBFBG1_RCUAS_RU_004_T,,,,F1FBFBG1_RCUAS_RU_004_T
View_TagName.F1FBFBG1_RCUAS_RU_006_ES20E,Channel2.Device1.View_TagName.F1FBFBG1_RCUAS_RU_006_ES20E,,,,F1FBFBG1_RCUAS_RU_006_ES20E
View_TagName.F1FBFBG1_RCUAS_RU_006_T,Channel2.Device1.View_TagName.F1FBFBG1_RCUAS_RU_006_T,,,,F1FBFBG1_RCUAS_RU_006_T
View_TagName.F1FBFBF1_RCUAS_RU_002_TT10A,Channel2.Device1.View_TagName.F1FBFBF1_RCUAS_RU_002_TT10A,,,,F1FBFBF1_RCUAS_RU_002_TT10A
View_TagName.F1FBFBF1_RCUAS_RU_003_TT10A,Channel2.Device1.View_TagName.F1FBFBF1_RCUAS_RU_003_TT10A,,,,F1FBFBF1_RCUAS_RU_003_TT10A
View_TagName.F1FBFBF1_RCUAS_RU_004_TT10A,Channel2.Device1.View_TagName.F1FBFBF1_RCUAS_RU_004_TT10A,,,,F1FBFBF1_RCUAS_RU_004_TT10A
View_TagName.F1FBFBF1_RCUAS_RU_005_TT10A,Channel2.Device1.View_TagName.F1FBFBF1_RCUAS_RU_005_TT10A,,,,F1FBFBF1_RCUAS_RU_005_TT10A
View_TagName.F1FBFBF1_RCUAS_RU_006_TT10A,Channel2.Device1.View_TagName.F1FBFBF1_RCUAS_RU_006_TT10A,,,,F1FBFBF1_RCUAS_RU_006_TT10A
View_TagName.F1FBFBF1_RCUAS_RU_007_TT10A,Channel2.Device1.View_TagName.F1FBFBF1_RCUAS_RU_007_TT10A,,,,F1FBFBF1_RCUAS_RU_007_TT10A
View_TagName.F1FBFBG1_RCUAS_RU_002_TT10A,Channel2.Device1.View_TagName.F1FBFBG1_RCUAS_RU_002_TT10A,,,,F1FBFBG1_RCUAS_RU_002_TT10A
View_TagName.F1FBFBG1_RCUAS_RU_004_TT10A,Channel2.Device1.View_TagName.F1FBFBG1_RCUAS_RU_004_TT10A,,,,F1FBFBG1_RCUAS_RU_004_TT10A
View_TagName.F1FBFBG1_RCUAS_RU_006_TT10A,Channel2.Device1.View_TagName.F1FBFBG1_RCUAS_RU_006_TT10A,,,,F1FBFBG1_RCUAS_RU_006_TT10A
View_TagName.F1FBSBHM_HVAPV_PP_002_ES90E,Channel2.Device1.View_TagName.F1FBSBHM_HVAPV_PP_002_ES90E,,,,F1FBSBHM_HVAPV_PP_002_ES90E
View_TagName.F1FBSBHM_HVAPV_PP_002_QS90F,Channel2.Device1.View_TagName.F1FBSBHM_HVAPV_PP_002_QS90F,,,,F1FBSBHM_HVAPV_PP_002_QS90F
View_TagName.F1FBSBHM_HVAPV_PP_003_QS90F,Channel2.Device1.View_TagName.F1FBSBHM_HVAPV_PP_003_QS90F,,,,F1FBSBHM_HVAPV_PP_003_QS90F
View_TagName.F1FBSBHM_HVAPV_PP_003_ES90E,Channel2.Device1.View_TagName.F1FBSBHM_HVAPV_PP_003_ES90E,,,,F1FBSBHM_HVAPV_PP_003_ES90E
View_TagName.F1FBSBHM_HVAPV_SM_001_FT00A,Channel2.Device1.View_TagName.F1FBSBHM_HVAPV_SM_001_FT00A,,,,F1FBSBHM_HVAPV_SM_001_FT00A
View_TagName.F1FBSBHM_HVAPV_SM_001_PT00A,Channel2.Device1.View_TagName.F1FBSBHM_HVAPV_SM_001_PT00A,,,,F1FBSBHM_HVAPV_SM_001_PT00A
View_TagName.F1FBSBHM_HVAPV_X0_100_PIT01A,Channel2.Device1.View_TagName.F1FBSBHM_HVAPV_X0_100_PIT01A,,,,F1FBSBHM_HVAPV_X0_100_PIT01A
View_TagName.F1FBSBHM_HVAPV_X0_100_PIT01B,Channel2.Device1.View_TagName.F1FBSBHM_HVAPV_X0_100_PIT01B,,,,F1FBSBHM_HVAPV_X0_100_PIT01B
View_TagName.F1FBSBHM_HVACP_AC_002_AC20A_T,Channel2.Device1.View_TagName.F1FBSBHM_HVACP_AC_002_AC20A_T,,,,F1FBSBHM_HVACP_AC_002_AC20A_T
View_TagName.F1FBSBHM_HVACP_AC_002_AC20A_R,Channel2.Device1.View_TagName.F1FBSBHM_HVACP_AC_002_AC20A_R,,,,F1FBSBHM_HVACP_AC_002_AC20A_R
View_TagName.F1FBSBHM_HVACP_SM_001_AIT10A,Channel2.Device1.View_TagName.F1FBSBHM_HVACP_SM_001_AIT10A,,,,F1FBSBHM_HVACP_SM_001_AIT10A
View_TagName.F1FBSBHM_HVACP_SM_001_FIT10A,Channel2.Device1.View_TagName.F1FBSBHM_HVACP_SM_001_FIT10A,,,,F1FBSBHM_HVACP_SM_001_FIT10A
View_TagName.F1FBSBHM_HVACP_SM_001_MT10A,Channel2.Device1.View_TagName.F1FBSBHM_HVACP_SM_001_MT10A,,,,F1FBSBHM_HVACP_SM_001_MT10A
View_TagName.F1FBSBHM_HVACP_SM_001_PT10A,Channel2.Device1.View_TagName.F1FBSBHM_HVACP_SM_001_PT10A,,,,F1FBSBHM_HVACP_SM_001_PT10A
View_TagName.F1FBSBHM_HVACP_SM_001_TT10A,Channel2.Device1.View_TagName.F1FBSBHM_HVACP_SM_001_TT10A,,,,F1FBSBHM_HVACP_SM_001_TT10A
View_TagName.F1FBSBHM_HVACP_TK_001_PT02A,Channel2.Device1.View_TagName.F1FBSBHM_HVACP_TK_001_PT02A,,,,F1FBSBHM_HVACP_TK_001_PT02A
View_TagName.F1FBSBHM_HVACP_X0_100_PIT01A,Channel2.Device1.View_TagName.F1FBSBHM_HVACP_X0_100_PIT01A,,,,F1FBSBHM_HVACP_X0_100_PIT01A
View_TagName.F1FBSBHM_HVACP_X0_100_PIT01B,Channel2.Device1.View_TagName.F1FBSBHM_HVACP_X0_100_PIT01B,,,,F1FBSBHM_HVACP_X0_100_PIT01B
View_TagName.F1FBSBHM_EXHGE_FN_001_FN20A_T,Channel2.Device1.View_TagName.F1FBSBHM_EXHGE_FN_001_FN20A_T,,,,F1FBSBHM_EXHGE_FN_001_FN20A_T
View_TagName.F1FBSBHM_EXHGE_FN_001_FN20A_R,Channel2.Device1.View_TagName.F1FBSBHM_EXHGE_FN_001_FN20A_R,,,,F1FBSBHM_EXHGE_FN_001_FN20A_R
View_TagName.F1FBSBHM_EXHGE_X0_000_PDT00A,Channel2.Device1.View_TagName.F1FBSBHM_EXHGE_X0_000_PDT00A,,,,F1FBSBHM_EXHGE_X0_000_PDT00A
View_TagName.F1FBSBHM_EXHGE_X0_000_PDT00B,Channel2.Device1.View_TagName.F1FBSBHM_EXHGE_X0_000_PDT00B,,,,F1FBSBHM_EXHGE_X0_000_PDT00B
View_TagName.F1FBSBHM_MAUAS_AH_001_FN60A_T,Channel2.Device1.View_TagName.F1FBSBHM_MAUAS_AH_001_FN60A_T,,,,F1FBSBHM_MAUAS_AH_001_FN60A_T
View_TagName.F1FBSBHM_MAUAS_AH_001_FN60A_R,Channel2.Device1.View_TagName.F1FBSBHM_MAUAS_AH_001_FN60A_R,,,,F1FBSBHM_MAUAS_AH_001_FN60A_R
View_TagName.F1FBSBHM_WHRWO_PP_001_T,Channel2.Device1.View_TagName.F1FBSBHM_WHRWO_PP_001_T,,,,F1FBSBHM_WHRWO_PP_001_T
View_TagName.F1FBSBHM_WHRWO_PP_001_R,Channel2.Device1.View_TagName.F1FBSBHM_WHRWO_PP_001_R,,,,F1FBSBHM_WHRWO_PP_001_R
View_TagName.F1FBSBHM_MAUAS_AH_001_TT00T,Channel2.Device1.View_TagName.F1FBSBHM_MAUAS_AH_001_TT00T,,,,F1FBSBHM_MAUAS_AH_001_TT00T
View_TagName.F1FBSBHM_MAUAS_AH_001_MT00R,Channel2.Device1.View_TagName.F1FBSBHM_MAUAS_AH_001_MT00R,,,,F1FBSBHM_MAUAS_AH_001_MT00R
View_TagName.F1FBSBHM_MAUAS_AH_001_FIT60A,Channel2.Device1.View_TagName.F1FBSBHM_MAUAS_AH_001_FIT60A,,,,F1FBSBHM_MAUAS_AH_001_FIT60A
View_TagName.F1FBSBHM_MAUAS_AH_001_TT67T,Channel2.Device1.View_TagName.F1FBSBHM_MAUAS_AH_001_TT67T,,,,F1FBSBHM_MAUAS_AH_001_TT67T
View_TagName.F1FBSBHM_MAUAS_AH_001_MT67R,Channel2.Device1.View_TagName.F1FBSBHM_MAUAS_AH_001_MT67R,,,,F1FBSBHM_MAUAS_AH_001_MT67R
View_TagName.F1FBSBHM_MAUAS_AH_001_PDT75A,Channel2.Device1.View_TagName.F1FBSBHM_MAUAS_AH_001_PDT75A,,,,F1FBSBHM_MAUAS_AH_001_PDT75A
View_TagName.F1FBSBHM_MAUAS_AH_001_PDT76A,Channel2.Device1.View_TagName.F1FBSBHM_MAUAS_AH_001_PDT76A,,,,F1FBSBHM_MAUAS_AH_001_PDT76A
View_TagName.F1FBSBHM_MAUAS_AH_001_YS69A,Channel2.Device1.View_TagName.F1FBSBHM_MAUAS_AH_001_YS69A,,,,F1FBSBHM_MAUAS_AH_001_YS69A
View_TagName.F1FBSBHM_MAUAS_AH_002_FN60A_T,Channel2.Device1.View_TagName.F1FBSBHM_MAUAS_AH_002_FN60A_T,,,,F1FBSBHM_MAUAS_AH_002_FN60A_T
View_TagName.F1FBSBHM_MAUAS_AH_002_FN60A_R,Channel2.Device1.View_TagName.F1FBSBHM_MAUAS_AH_002_FN60A_R,,,,F1FBSBHM_MAUAS_AH_002_FN60A_R
View_TagName.F1FBSBHM_WHRWO_PP_002_T,Channel2.Device1.View_TagName.F1FBSBHM_WHRWO_PP_002_T,,,,F1FBSBHM_WHRWO_PP_002_T
View_TagName.F1FBSBHM_WHRWO_PP_002_R,Channel2.Device1.View_TagName.F1FBSBHM_WHRWO_PP_002_R,,,,F1FBSBHM_WHRWO_PP_002_R
View_TagName.F1FBSBHM_MAUAS_AH_002_TT00T,Channel2.Device1.View_TagName.F1FBSBHM_MAUAS_AH_002_TT00T,,,,F1FBSBHM_MAUAS_AH_002_TT00T
View_TagName.F1FBSBHM_MAUAS_AH_002_MT00R,Channel2.Device1.View_TagName.F1FBSBHM_MAUAS_AH_002_MT00R,,,,F1FBSBHM_MAUAS_AH_002_MT00R
View_TagName.F1FBSBHM_MAUAS_AH_002_FIT60A,Channel2.Device1.View_TagName.F1FBSBHM_MAUAS_AH_002_FIT60A,,,,F1FBSBHM_MAUAS_AH_002_FIT60A
View_TagName.F1FBSBHM_MAUAS_AH_002_TT67T,Channel2.Device1.View_TagName.F1FBSBHM_MAUAS_AH_002_TT67T,,,,F1FBSBHM_MAUAS_AH_002_TT67T
View_TagName.F1FBSBHM_MAUAS_AH_002_MT67R,Channel2.Device1.View_TagName.F1FBSBHM_MAUAS_AH_002_MT67R,,,,F1FBSBHM_MAUAS_AH_002_MT67R
View_TagName.F1FBSBHM_MAUAS_AH_002_PDT75A,Channel2.Device1.View_TagName.F1FBSBHM_MAUAS_AH_002_PDT75A,,,,F1FBSBHM_MAUAS_AH_002_PDT75A
View_TagName.F1FBSBHM_MAUAS_AH_002_PDT76A,Channel2.Device1.View_TagName.F1FBSBHM_MAUAS_AH_002_PDT76A,,,,F1FBSBHM_MAUAS_AH_002_PDT76A
View_TagName.F1FBSBHM_MAUAS_AH_002_YS69A,Channel2.Device1.View_TagName.F1FBSBHM_MAUAS_AH_002_YS69A,,,,F1FBSBHM_MAUAS_AH_002_YS69A
View_TagName.F1FBOFA2_HVAVA_VH_001_TE00A,Channel2.Device1.View_TagName.F1FBOFA2_HVAVA_VH_001_TE00A,,,,F1FBOFA2_HVAVA_VH_001_TE00A
View_TagName.F1FBOFA2_HVAVA_VH_002_TE00A,Channel2.Device1.View_TagName.F1FBOFA2_HVAVA_VH_002_TE00A,,,,F1FBOFA2_HVAVA_VH_002_TE00A
View_TagName.F1FBOFA2_HVAVA_VH_003_TE00A,Channel2.Device1.View_TagName.F1FBOFA2_HVAVA_VH_003_TE00A,,,,F1FBOFA2_HVAVA_VH_003_TE00A
View_TagName.F1FBOFA2_HVAVA_VH_004_TE00A,Channel2.Device1.View_TagName.F1FBOFA2_HVAVA_VH_004_TE00A,,,,F1FBOFA2_HVAVA_VH_004_TE00A
View_TagName.F1FBOFA2_HVAVA_VV_001_TE00A,Channel2.Device1.View_TagName.F1FBOFA2_HVAVA_VV_001_TE00A,,,,F1FBOFA2_HVAVA_VV_001_TE00A
View_TagName.F1FBOFA2_HVAVA_VV_002_TE00A,Channel2.Device1.View_TagName.F1FBOFA2_HVAVA_VV_002_TE00A,,,,F1FBOFA2_HVAVA_VV_002_TE00A
View_TagName.F1FBOFA2_HVAVA_VV_003_TE00A,Channel2.Device1.View_TagName.F1FBOFA2_HVAVA_VV_003_TE00A,,,,F1FBOFA2_HVAVA_VV_003_TE00A
View_TagName.F1FBOFA2_HVAVA_VV_004_TE00A,Channel2.Device1.View_TagName.F1FBOFA2_HVAVA_VV_004_TE00A,,,,F1FBOFA2_HVAVA_VV_004_TE00A
View_TagName.F1FBOFA2_HVAVA_VV_005_TE00A,Channel2.Device1.View_TagName.F1FBOFA2_HVAVA_VV_005_TE00A,,,,F1FBOFA2_HVAVA_VV_005_TE00A
View_TagName.F1FBOFA2_HVAVA_VV_006_TE00A,Channel2.Device1.View_TagName.F1FBOFA2_HVAVA_VV_006_TE00A,,,,F1FBOFA2_HVAVA_VV_006_TE00A
View_TagName.F1FBOFB2_HVAVA_VH_001_TE00A,Channel2.Device1.View_TagName.F1FBOFB2_HVAVA_VH_001_TE00A,,,,F1FBOFB2_HVAVA_VH_001_TE00A
View_TagName.F1FBOFB2_HVAVA_VH_002_TE00A,Channel2.Device1.View_TagName.F1FBOFB2_HVAVA_VH_002_TE00A,,,,F1FBOFB2_HVAVA_VH_002_TE00A
View_TagName.F1FBOFB2_HVAVA_VV_001_TE00A,Channel2.Device1.View_TagName.F1FBOFB2_HVAVA_VV_001_TE00A,,,,F1FBOFB2_HVAVA_VV_001_TE00A
View_TagName.F1FBOFB2_HVAVA_VV_002_TE00A,Channel2.Device1.View_TagName.F1FBOFB2_HVAVA_VV_002_TE00A,,,,F1FBOFB2_HVAVA_VV_002_TE00A
View_TagName.F1FBOFB2_HVAVA_VV_003_TE00A,Channel2.Device1.View_TagName.F1FBOFB2_HVAVA_VV_003_TE00A,,,,F1FBOFB2_HVAVA_VV_003_TE00A
View_TagName.F1FBOFB2_HVAVA_VV_004_TE00A,Channel2.Device1.View_TagName.F1FBOFB2_HVAVA_VV_004_TE00A,,,,F1FBOFB2_HVAVA_VV_004_TE00A
View_TagName.F1FBOFB2_HVAVA_VV_005_TE00A,Channel2.Device1.View_TagName.F1FBOFB2_HVAVA_VV_005_TE00A,,,,F1FBOFB2_HVAVA_VV_005_TE00A
View_TagName.F1FBOFB2_HVAVA_VV_006_TE00A,Channel2.Device1.View_TagName.F1FBOFB2_HVAVA_VV_006_TE00A,,,,F1FBOFB2_HVAVA_VV_006_TE00A
View_TagName.F1FBOFB2_HVAVA_VV_007_TE00A,Channel2.Device1.View_TagName.F1FBOFB2_HVAVA_VV_007_TE00A,,,,F1FBOFB2_HVAVA_VV_007_TE00A
View_TagName.F1FBOFC1_HVAVA_VH_001_TE00A,Channel2.Device1.View_TagName.F1FBOFC1_HVAVA_VH_001_TE00A,,,,F1FBOFC1_HVAVA_VH_001_TE00A
View_TagName.F1FBOFC1_HVAVA_VV_001_TE00A,Channel2.Device1.View_TagName.F1FBOFC1_HVAVA_VV_001_TE00A,,,,F1FBOFC1_HVAVA_VV_001_TE00A
View_TagName.F1FBOFC1_HVAVA_VV_002_TE00A,Channel2.Device1.View_TagName.F1FBOFC1_HVAVA_VV_002_TE00A,,,,F1FBOFC1_HVAVA_VV_002_TE00A
View_TagName.F1FBOFC2_HVAVA_VH_001_TE00A,Channel2.Device1.View_TagName.F1FBOFC2_HVAVA_VH_001_TE00A,,,,F1FBOFC2_HVAVA_VH_001_TE00A
View_TagName.F1FBOFC2_HVAVA_VH_002_TE00A,Channel2.Device1.View_TagName.F1FBOFC2_HVAVA_VH_002_TE00A,,,,F1FBOFC2_HVAVA_VH_002_TE00A
View_TagName.F1FBOFC2_HVAVA_VH_003_TE00A,Channel2.Device1.View_TagName.F1FBOFC2_HVAVA_VH_003_TE00A,,,,F1FBOFC2_HVAVA_VH_003_TE00A
View_TagName.F1FBOFC2_HVAVA_VH_004_TE00A,Channel2.Device1.View_TagName.F1FBOFC2_HVAVA_VH_004_TE00A,,,,F1FBOFC2_HVAVA_VH_004_TE00A
View_TagName.F1FBOFC2_HVAVA_VV_001_TE00A,Channel2.Device1.View_TagName.F1FBOFC2_HVAVA_VV_001_TE00A,,,,F1FBOFC2_HVAVA_VV_001_TE00A
View_TagName.F1FBOFC2_HVAVA_VV_002_TE00A,Channel2.Device1.View_TagName.F1FBOFC2_HVAVA_VV_002_TE00A,,,,F1FBOFC2_HVAVA_VV_002_TE00A
View_TagName.F1FBOFC2_HVAVA_VV_003_TE00A,Channel2.Device1.View_TagName.F1FBOFC2_HVAVA_VV_003_TE00A,,,,F1FBOFC2_HVAVA_VV_003_TE00A
View_TagName.F1FBOFC2_HVAVA_VV_004_TE00A,Channel2.Device1.View_TagName.F1FBOFC2_HVAVA_VV_004_TE00A,,,,F1FBOFC2_HVAVA_VV_004_TE00A
View_TagName.F1FBOFC2_HVAVA_VV_005_TE00A,Channel2.Device1.View_TagName.F1FBOFC2_HVAVA_VV_005_TE00A,,,,F1FBOFC2_HVAVA_VV_005_TE00A
View_TagName.F1FBOFC2_HVAVA_VV_006_TE00A,Channel2.Device1.View_TagName.F1FBOFC2_HVAVA_VV_006_TE00A,,,,F1FBOFC2_HVAVA_VV_006_TE00A
View_TagName.F1FBOFC2_HVAVA_VV_007_TE00A,Channel2.Device1.View_TagName.F1FBOFC2_HVAVA_VV_007_TE00A,,,,F1FBOFC2_HVAVA_VV_007_TE00A
View_TagName.F1FBOFD1_HVAVA_VH_001_TE00A,Channel2.Device1.View_TagName.F1FBOFD1_HVAVA_VH_001_TE00A,,,,F1FBOFD1_HVAVA_VH_001_TE00A
View_TagName.F1FBOFD1_HVAVA_VH_002_TE00A,Channel2.Device1.View_TagName.F1FBOFD1_HVAVA_VH_002_TE00A,,,,F1FBOFD1_HVAVA_VH_002_TE00A
View_TagName.F1FBOFD1_HVAVA_VH_003_TE00A,Channel2.Device1.View_TagName.F1FBOFD1_HVAVA_VH_003_TE00A,,,,F1FBOFD1_HVAVA_VH_003_TE00A
View_TagName.F1FBOFD1_HVAVA_VH_004_TE00A,Channel2.Device1.View_TagName.F1FBOFD1_HVAVA_VH_004_TE00A,,,,F1FBOFD1_HVAVA_VH_004_TE00A
View_TagName.F1FBOFD1_HVAVA_VV_001_TE00A,Channel2.Device1.View_TagName.F1FBOFD1_HVAVA_VV_001_TE00A,,,,F1FBOFD1_HVAVA_VV_001_TE00A
View_TagName.F1FBOFD1_HVAVA_VV_002_TE00A,Channel2.Device1.View_TagName.F1FBOFD1_HVAVA_VV_002_TE00A,,,,F1FBOFD1_HVAVA_VV_002_TE00A
View_TagName.F1FBOFD1_HVAVA_VV_003_TE00A,Channel2.Device1.View_TagName.F1FBOFD1_HVAVA_VV_003_TE00A,,,,F1FBOFD1_HVAVA_VV_003_TE00A
View_TagName.F1FBOFD1_HVAVA_VV_004_TE00A,Channel2.Device1.View_TagName.F1FBOFD1_HVAVA_VV_004_TE00A,,,,F1FBOFD1_HVAVA_VV_004_TE00A
View_TagName.F1FBOFD2_HVAVA_VH_002_TE00A,Channel2.Device1.View_TagName.F1FBOFD2_HVAVA_VH_002_TE00A,,,,F1FBOFD2_HVAVA_VH_002_TE00A
View_TagName.F1FBOFD2_HVAVA_VV_003_TE00A,Channel2.Device1.View_TagName.F1FBOFD2_HVAVA_VV_003_TE00A,,,,F1FBOFD2_HVAVA_VV_003_TE00A
View_TagName.F1FBOFD2_HVAVA_VV_004_TE00A,Channel2.Device1.View_TagName.F1FBOFD2_HVAVA_VV_004_TE00A,,,,F1FBOFD2_HVAVA_VV_004_TE00A
View_TagName.F1FBOFD2_HVAVA_VV_005_TE00A,Channel2.Device1.View_TagName.F1FBOFD2_HVAVA_VV_005_TE00A,,,,F1FBOFD2_HVAVA_VV_005_TE00A
View_TagName.F1FBOFE1_HVAVA_VH_001_TE00A,Channel2.Device1.View_TagName.F1FBOFE1_HVAVA_VH_001_TE00A,,,,F1FBOFE1_HVAVA_VH_001_TE00A
View_TagName.F1FBOFE1_HVAVA_VV_001_TE00A,Channel2.Device1.View_TagName.F1FBOFE1_HVAVA_VV_001_TE00A,,,,F1FBOFE1_HVAVA_VV_001_TE00A
View_TagName.F1FBOFE1_HVAVA_VV_002_TE00A,Channel2.Device1.View_TagName.F1FBOFE1_HVAVA_VV_002_TE00A,,,,F1FBOFE1_HVAVA_VV_002_TE00A
View_TagName.F1FBOFE1_HVAVA_VV_003_TE00A,Channel2.Device1.View_TagName.F1FBOFE1_HVAVA_VV_003_TE00A,,,,F1FBOFE1_HVAVA_VV_003_TE00A
View_TagName.F1FBOFE1_HVAVA_VV_004_TE00A,Channel2.Device1.View_TagName.F1FBOFE1_HVAVA_VV_004_TE00A,,,,F1FBOFE1_HVAVA_VV_004_TE00A
View_TagName.F1FBOFE1_HVAVA_VV_005_TE00A,Channel2.Device1.View_TagName.F1FBOFE1_HVAVA_VV_005_TE00A,,,,F1FBOFE1_HVAVA_VV_005_TE00A
View_TagName.F1FBOFE1_HVAVA_VV_006_TE00A,Channel2.Device1.View_TagName.F1FBOFE1_HVAVA_VV_006_TE00A,,,,F1FBOFE1_HVAVA_VV_006_TE00A
View_TagName.F1FBOFE1_HVAVA_VV_007_TE00A,Channel2.Device1.View_TagName.F1FBOFE1_HVAVA_VV_007_TE00A,,,,F1FBOFE1_HVAVA_VV_007_TE00A
View_TagName.F1FBOFE2_HVAVA_VH_001_TE00A,Channel2.Device1.View_TagName.F1FBOFE2_HVAVA_VH_001_TE00A,,,,F1FBOFE2_HVAVA_VH_001_TE00A
View_TagName.F1FBOFE2_HVAVA_VH_002_TE00A,Channel2.Device1.View_TagName.F1FBOFE2_HVAVA_VH_002_TE00A,,,,F1FBOFE2_HVAVA_VH_002_TE00A
View_TagName.F1FBOFE2_HVAVA_VH_003_TE00A,Channel2.Device1.View_TagName.F1FBOFE2_HVAVA_VH_003_TE00A,,,,F1FBOFE2_HVAVA_VH_003_TE00A
View_TagName.F1FBOFE2_HVAVA_VH_004_TE00A,Channel2.Device1.View_TagName.F1FBOFE2_HVAVA_VH_004_TE00A,,,,F1FBOFE2_HVAVA_VH_004_TE00A
View_TagName.F1FBOFE2_HVAVA_VH_005_TE00A,Channel2.Device1.View_TagName.F1FBOFE2_HVAVA_VH_005_TE00A,,,,F1FBOFE2_HVAVA_VH_005_TE00A
View_TagName.F1FBOFE2_HVAVA_VV_001_TE00A,Channel2.Device1.View_TagName.F1FBOFE2_HVAVA_VV_001_TE00A,,,,F1FBOFE2_HVAVA_VV_001_TE00A
View_TagName.F1FBOFE2_HVAVA_VV_002_TE00A,Channel2.Device1.View_TagName.F1FBOFE2_HVAVA_VV_002_TE00A,,,,F1FBOFE2_HVAVA_VV_002_TE00A
View_TagName.F1FBOFE2_HVAVA_VV_003_TE00A,Channel2.Device1.View_TagName.F1FBOFE2_HVAVA_VV_003_TE00A,,,,F1FBOFE2_HVAVA_VV_003_TE00A
View_TagName.F1FBOFE2_HVAVA_VV_004_TE00A,Channel2.Device1.View_TagName.F1FBOFE2_HVAVA_VV_004_TE00A,,,,F1FBOFE2_HVAVA_VV_004_TE00A
View_TagName.F1FBOFE2_HVAVA_VV_005_TE00A,Channel2.Device1.View_TagName.F1FBOFE2_HVAVA_VV_005_TE00A,,,,F1FBOFE2_HVAVA_VV_005_TE00A
View_TagName.F1FBOFE2_HVAVA_VV_006_TE00A,Channel2.Device1.View_TagName.F1FBOFE2_HVAVA_VV_006_TE00A,,,,F1FBOFE2_HVAVA_VV_006_TE00A
View_TagName.F1FBOFE2_HVAVA_VV_007_TE00A,Channel2.Device1.View_TagName.F1FBOFE2_HVAVA_VV_007_TE00A,,,,F1FBOFE2_HVAVA_VV_007_TE00A
View_TagName.F1FBOFE2_HVAVA_VV_008_TE00A,Channel2.Device1.View_TagName.F1FBOFE2_HVAVA_VV_008_TE00A,,,,F1FBOFE2_HVAVA_VV_008_TE00A
View_TagName.F1FBOFB1_HVAVA_CU_002_TT10A,Channel2.Device1.View_TagName.F1FBOFB1_HVAVA_CU_002_TT10A,,,,F1FBOFB1_HVAVA_CU_002_TT10A
View_TagName.F1FBOFD1_HVAVA_CU_001_TT10A,Channel2.Device1.View_TagName.F1FBOFD1_HVAVA_CU_001_TT10A,,,,F1FBOFD1_HVAVA_CU_001_TT10A
View_TagName.F1FBOFD1_HVAVA_CU_002_TT10A,Channel2.Device1.View_TagName.F1FBOFD1_HVAVA_CU_002_TT10A,,,,F1FBOFD1_HVAVA_CU_002_TT10A
View_TagName.F1FBOFD1_HVAVA_CU_003_TT10A,Channel2.Device1.View_TagName.F1FBOFD1_HVAVA_CU_003_TT10A,,,,F1FBOFD1_HVAVA_CU_003_TT10A
View_TagName.F1FBOFD1_HVAVA_CU_004_TT10A,Channel2.Device1.View_TagName.F1FBOFD1_HVAVA_CU_004_TT10A,,,,F1FBOFD1_HVAVA_CU_004_TT10A
View_TagName.F1FBOFE1_HVAVA_CU_001_TT10A,Channel2.Device1.View_TagName.F1FBOFE1_HVAVA_CU_001_TT10A,,,,F1FBOFE1_HVAVA_CU_001_TT10A
View_TagName.F1FBOFE1_HVAVA_CU_002_TT10A,Channel2.Device1.View_TagName.F1FBOFE1_HVAVA_CU_002_TT10A,,,,F1FBOFE1_HVAVA_CU_002_TT10A
View_TagName.F1FBOFA1_MRAIR_AH_001_IS10E,Channel2.Device1.View_TagName.F1FBOFA1_MRAIR_AH_001_IS10E,,,,F1FBOFA1_MRAIR_AH_001_IS10E
View_TagName.F1FBOFA1_MRAIR_AH_001_TT10A,Channel2.Device1.View_TagName.F1FBOFA1_MRAIR_AH_001_TT10A,,,,F1FBOFA1_MRAIR_AH_001_TT10A
View_TagName.F1FBOFC1_MRAIR_AH_001_IS10E,Channel2.Device1.View_TagName.F1FBOFC1_MRAIR_AH_001_IS10E,,,,F1FBOFC1_MRAIR_AH_001_IS10E
View_TagName.F1FBOFC1_MRAIR_AH_001_TT10A,Channel2.Device1.View_TagName.F1FBOFC1_MRAIR_AH_001_TT10A,,,,F1FBOFC1_MRAIR_AH_001_TT10A
View_TagName.F1FBOFC1_MCRAC_CR_001_TT10A,Channel2.Device1.View_TagName.F1FBOFC1_MCRAC_CR_001_TT10A,,,,F1FBOFC1_MCRAC_CR_001_TT10A
View_TagName.F1FBOFC1_MCRAC_CR_001_R,Channel2.Device1.View_TagName.F1FBOFC1_MCRAC_CR_001_R,,,,F1FBOFC1_MCRAC_CR_001_R
View_TagName.F1FBOFE1_MCRAC_CR_001_TT10A,Channel2.Device1.View_TagName.F1FBOFE1_MCRAC_CR_001_TT10A,,,,F1FBOFE1_MCRAC_CR_001_TT10A
View_TagName.F1FBOFE1_MCRAC_CR_001_R,Channel2.Device1.View_TagName.F1FBOFE1_MCRAC_CR_001_R,,,,F1FBOFE1_MCRAC_CR_001_R
View_TagName.F1FBOFEF_MCRAC_CR_001_TT11A,Channel2.Device1.View_TagName.F1FBOFEF_MCRAC_CR_001_TT11A,,,,F1FBOFEF_MCRAC_CR_001_TT11A
View_TagName.F1FBOFEF_MCRAC_CR_001_R,Channel2.Device1.View_TagName.F1FBOFEF_MCRAC_CR_001_R,,,,F1FBOFEF_MCRAC_CR_001_R
View_TagName.F1FBOFEF_MCRAC_CR_002_TT11A,Channel2.Device1.View_TagName.F1FBOFEF_MCRAC_CR_002_TT11A,,,,F1FBOFEF_MCRAC_CR_002_TT11A
View_TagName.F1FBOFEF_MCRAC_CR_002_R,Channel2.Device1.View_TagName.F1FBOFEF_MCRAC_CR_002_R,,,,F1FBOFEF_MCRAC_CR_002_R
View_TagName.F1FBOFEF_MCRAC_CR_003_TT11A,Channel2.Device1.View_TagName.F1FBOFEF_MCRAC_CR_003_TT11A,,,,F1FBOFEF_MCRAC_CR_003_TT11A
View_TagName.F1FBOFEF_MCRAC_CR_003_R,Channel2.Device1.View_TagName.F1FBOFEF_MCRAC_CR_003_R,,,,F1FBOFEF_MCRAC_CR_003_R
View_TagName.F1FBSBH1_MCRAC_CR_001_TT10A,Channel2.Device1.View_TagName.F1FBSBH1_MCRAC_CR_001_TT10A,,,,F1FBSBH1_MCRAC_CR_001_TT10A
View_TagName.F1FBSBH1_MCRAC_CR_001_R,Channel2.Device1.View_TagName.F1FBSBH1_MCRAC_CR_001_R,,,,F1FBSBH1_MCRAC_CR_001_R
View_TagName.F1FBSBHM_MRAIR_AH_001 _FN20A_T,Channel2.Device1.View_TagName.F1FBSBHM_MRAIR_AH_001 _FN20A_T,,,,F1FBSBHM_MRAIR_AH_001 _FN20A_T
View_TagName.F1FBSBHM_MRAIR_AH_001 _FN20A_R,Channel2.Device1.View_TagName.F1FBSBHM_MRAIR_AH_001 _FN20A_R,,,,F1FBSBHM_MRAIR_AH_001 _FN20A_R
View_TagName.F1FBSBHM_MRAIR_AH_001 _TT10A,Channel2.Device1.View_TagName.F1FBSBHM_MRAIR_AH_001 _TT10A,,,,F1FBSBHM_MRAIR_AH_001 _TT10A
View_TagName.F1FBSBHM_MRAIR_AH_002 _FN60A_T,Channel2.Device1.View_TagName.F1FBSBHM_MRAIR_AH_002 _FN60A_T,,,,F1FBSBHM_MRAIR_AH_002 _FN60A_T
View_TagName.F1FBSBHM_MRAIR_AH_002 _FN60A_R,Channel2.Device1.View_TagName.F1FBSBHM_MRAIR_AH_002 _FN60A_R,,,,F1FBSBHM_MRAIR_AH_002 _FN60A_R
View_TagName.F1FBSBHM_MRAIR_AH_002_HD_T,Channel2.Device1.View_TagName.F1FBSBHM_MRAIR_AH_002_HD_T,,,,F1FBSBHM_MRAIR_AH_002_HD_T
View_TagName.F1FBSBHM_MRAIR_AH_002 _TT01A,Channel2.Device1.View_TagName.F1FBSBHM_MRAIR_AH_002 _TT01A,,,,F1FBSBHM_MRAIR_AH_002 _TT01A
View_TagName.F1FBOFA2_MRAIR_AH_001FN60A_T,Channel2.Device1.View_TagName.F1FBOFA2_MRAIR_AH_001FN60A_T,,,,F1FBOFA2_MRAIR_AH_001FN60A_T
View_TagName.F1FBOFA2_MRAIR_AH_001FN60A_R,Channel2.Device1.View_TagName.F1FBOFA2_MRAIR_AH_001FN60A_R,,,,F1FBOFA2_MRAIR_AH_001FN60A_R
View_TagName.F1FBOFA2_MRAIR_AH_001FN90A_T,Channel2.Device1.View_TagName.F1FBOFA2_MRAIR_AH_001FN90A_T,,,,F1FBOFA2_MRAIR_AH_001FN90A_T
View_TagName.F1FBOFA2_MRAIR_AH_001FN90A_R,Channel2.Device1.View_TagName.F1FBOFA2_MRAIR_AH_001FN90A_R,,,,F1FBOFA2_MRAIR_AH_001FN90A_R
View_TagName.F1FBOFA2_MRAIR_AH_001_AT90A,Channel2.Device1.View_TagName.F1FBOFA2_MRAIR_AH_001_AT90A,,,,F1FBOFA2_MRAIR_AH_001_AT90A
View_TagName.F1FBOFA2_MRAIR_AH_001_AT90B,Channel2.Device1.View_TagName.F1FBOFA2_MRAIR_AH_001_AT90B,,,,F1FBOFA2_MRAIR_AH_001_AT90B
View_TagName.F1FBOFA2_MRAIR_AH_001_AT90C,Channel2.Device1.View_TagName.F1FBOFA2_MRAIR_AH_001_AT90C,,,,F1FBOFA2_MRAIR_AH_001_AT90C
View_TagName.F1FBOFA2_MRAIR_AH_001_AT90D,Channel2.Device1.View_TagName.F1FBOFA2_MRAIR_AH_001_AT90D,,,,F1FBOFA2_MRAIR_AH_001_AT90D
View_TagName.F1FBOFA2_MRAIR_AH_001_AT90E,Channel2.Device1.View_TagName.F1FBOFA2_MRAIR_AH_001_AT90E,,,,F1FBOFA2_MRAIR_AH_001_AT90E
View_TagName.F1FBOFA2_MRAIR_AH_001_AT90F,Channel2.Device1.View_TagName.F1FBOFA2_MRAIR_AH_001_AT90F,,,,F1FBOFA2_MRAIR_AH_001_AT90F
View_TagName.F1FBOFA2_MRAIR_AH_001_AT90G,Channel2.Device1.View_TagName.F1FBOFA2_MRAIR_AH_001_AT90G,,,,F1FBOFA2_MRAIR_AH_001_AT90G
View_TagName.F1FBOFA2_MRAIR_AH_001_AT90H,Channel2.Device1.View_TagName.F1FBOFA2_MRAIR_AH_001_AT90H,,,,F1FBOFA2_MRAIR_AH_001_AT90H
View_TagName.F1FBOFB2_MRAIR_AH_001FN60A_T,Channel2.Device1.View_TagName.F1FBOFB2_MRAIR_AH_001FN60A_T,,,,F1FBOFB2_MRAIR_AH_001FN60A_T
View_TagName.F1FBOFB2_MRAIR_AH_001FN60A_R,Channel2.Device1.View_TagName.F1FBOFB2_MRAIR_AH_001FN60A_R,,,,F1FBOFB2_MRAIR_AH_001FN60A_R
View_TagName.F1FBOFB2_MRAIR_AH_001FN90A_T,Channel2.Device1.View_TagName.F1FBOFB2_MRAIR_AH_001FN90A_T,,,,F1FBOFB2_MRAIR_AH_001FN90A_T
View_TagName.F1FBOFB2_MRAIR_AH_001FN90A_R,Channel2.Device1.View_TagName.F1FBOFB2_MRAIR_AH_001FN90A_R,,,,F1FBOFB2_MRAIR_AH_001FN90A_R
View_TagName.F1FBOFC2_MRAIR_AH_001FN60A_T,Channel2.Device1.View_TagName.F1FBOFC2_MRAIR_AH_001FN60A_T,,,,F1FBOFC2_MRAIR_AH_001FN60A_T
View_TagName.F1FBOFC2_MRAIR_AH_001FN60A_R,Channel2.Device1.View_TagName.F1FBOFC2_MRAIR_AH_001FN60A_R,,,,F1FBOFC2_MRAIR_AH_001FN60A_R
View_TagName.F1FBOFC2_MRAIR_AH_001FN90A_T,Channel2.Device1.View_TagName.F1FBOFC2_MRAIR_AH_001FN90A_T,,,,F1FBOFC2_MRAIR_AH_001FN90A_T
View_TagName.F1FBOFC2_MRAIR_AH_001FN90A_R,Channel2.Device1.View_TagName.F1FBOFC2_MRAIR_AH_001FN90A_R,,,,F1FBOFC2_MRAIR_AH_001FN90A_R
View_TagName.F1FBOFE2_MRAIR_AH_001FN60A_T,Channel2.Device1.View_TagName.F1FBOFE2_MRAIR_AH_001FN60A_T,,,,F1FBOFE2_MRAIR_AH_001FN60A_T
View_TagName.F1FBOFE2_MRAIR_AH_001FN60A_R,Channel2.Device1.View_TagName.F1FBOFE2_MRAIR_AH_001FN60A_R,,,,F1FBOFE2_MRAIR_AH_001FN60A_R
View_TagName.F1FBOFE2_MRAIR_AH_001FN90A_T,Channel2.Device1.View_TagName.F1FBOFE2_MRAIR_AH_001FN90A_T,,,,F1FBOFE2_MRAIR_AH_001FN90A_T
View_TagName.F1FBOFE2_MRAIR_AH_001FN90A_R,Channel2.Device1.View_TagName.F1FBOFE2_MRAIR_AH_001FN90A_R,,,,F1FBOFE2_MRAIR_AH_001FN90A_R
View_TagName.F1B1OFB1_WDCLD_PP_001_T,Channel2.Device1.View_TagName.F1B1OFB1_WDCLD_PP_001_T,,,,F1B1OFB1_WDCLD_PP_001_T
View_TagName.F1B1OFB1_WDCLD_PP_001_R,Channel2.Device1.View_TagName.F1B1OFB1_WDCLD_PP_001_R,,,,F1B1OFB1_WDCLD_PP_001_R
View_TagName.F1B1OFB1_WDCLD_PP_001_FIT03A,Channel2.Device1.View_TagName.F1B1OFB1_WDCLD_PP_001_FIT03A,,,,F1B1OFB1_WDCLD_PP_001_FIT03A
View_TagName.F1B1OFB1_WDCLD_PP_001_PIT01A,Channel2.Device1.View_TagName.F1B1OFB1_WDCLD_PP_001_PIT01A,,,,F1B1OFB1_WDCLD_PP_001_PIT01A
View_TagName.F1FBOFB1_WDHWR_PP_002_T,Channel2.Device1.View_TagName.F1FBOFB1_WDHWR_PP_002_T,,,,F1FBOFB1_WDHWR_PP_002_T
View_TagName.F1FBOFB1_WDHWR_PP_002_R,Channel2.Device1.View_TagName.F1FBOFB1_WDHWR_PP_002_R,,,,F1FBOFB1_WDHWR_PP_002_R
View_TagName.F1FBOFB1_WDHWR_PP_002_TIT02A,Channel2.Device1.View_TagName.F1FBOFB1_WDHWR_PP_002_TIT02A,,,,F1FBOFB1_WDHWR_PP_002_TIT02A
View_TagName.F1FBSBH1_WHWOO_BR_001_R,Channel2.Device1.View_TagName.F1FBSBH1_WHWOO_BR_001_R,,,,F1FBSBH1_WHWOO_BR_001_R
View_TagName.F1FBSBH1_WHWOO_BR_002_R,Channel2.Device1.View_TagName.F1FBSBH1_WHWOO_BR_002_R,,,,F1FBSBH1_WHWOO_BR_002_R
View_TagName.F1FBSBH1_WHWOO_BR_003_R,Channel2.Device1.View_TagName.F1FBSBH1_WHWOO_BR_003_R,,,,F1FBSBH1_WHWOO_BR_003_R
View_TagName.F1FBSBH1_WHWOO_BR_004_R,Channel2.Device1.View_TagName.F1FBSBH1_WHWOO_BR_004_R,,,,F1FBSBH1_WHWOO_BR_004_R
View_TagName.F1FBSBH1_WHWOO_PP_000_FT10A,Channel2.Device1.View_TagName.F1FBSBH1_WHWOO_PP_000_FT10A,,,,F1FBSBH1_WHWOO_PP_000_FT10A
View_TagName.F1FBSBH1_WHWOO_PP_000_FT90A,Channel2.Device1.View_TagName.F1FBSBH1_WHWOO_PP_000_FT90A,,,,F1FBSBH1_WHWOO_PP_000_FT90A
View_TagName.F1FBSBH1_WHWOO_PP_000_FT95A,Channel2.Device1.View_TagName.F1FBSBH1_WHWOO_PP_000_FT95A,,,,F1FBSBH1_WHWOO_PP_000_FT95A
View_TagName.F1FBSBH1_WHWOO_PP_000_TT10A,Channel2.Device1.View_TagName.F1FBSBH1_WHWOO_PP_000_TT10A,,,,F1FBSBH1_WHWOO_PP_000_TT10A
View_TagName.F1FBSBH1_WHWOO_PP_000_TT90A,Channel2.Device1.View_TagName.F1FBSBH1_WHWOO_PP_000_TT90A,,,,F1FBSBH1_WHWOO_PP_000_TT90A
View_TagName.F1FBSBH1_WHWOO_PP_000_TT95A,Channel2.Device1.View_TagName.F1FBSBH1_WHWOO_PP_000_TT95A,,,,F1FBSBH1_WHWOO_PP_000_TT95A
View_TagName.F1FBSBH1_WLTCW_CH_001_T,Channel2.Device1.View_TagName.F1FBSBH1_WLTCW_CH_001_T,,,,F1FBSBH1_WLTCW_CH_001_T
View_TagName.F1FBSBH1_WLTCW_CH_001_R,Channel2.Device1.View_TagName.F1FBSBH1_WLTCW_CH_001_R,,,,F1FBSBH1_WLTCW_CH_001_R
View_TagName.F1FBSBH1_WLTCW_CH_002_T,Channel2.Device1.View_TagName.F1FBSBH1_WLTCW_CH_002_T,,,,F1FBSBH1_WLTCW_CH_002_T
View_TagName.F1FBSBH1_WLTCW_CH_002_R,Channel2.Device1.View_TagName.F1FBSBH1_WLTCW_CH_002_R,,,,F1FBSBH1_WLTCW_CH_002_R
View_TagName.F1FBSBH1_WLTCW_00_000_QS01A,Channel2.Device1.View_TagName.F1FBSBH1_WLTCW_00_000_QS01A,,,,F1FBSBH1_WLTCW_00_000_QS01A
